                  epoch,         train/box_loss,         train/cls_loss,         train/dfl_loss,   metrics/precision(B),      metrics/recall(B),       metrics/mAP50(B),    metrics/mAP50-95(B),           val/box_loss,           val/cls_loss,           val/dfl_loss,                 lr/pg0,                 lr/pg1,                 lr/pg2
                      0,                 2.6332,                 4.1677,                   1.81,                0.18369,                0.11707,                 0.0714,                0.02747,                 2.1693,                 2.8106,                 1.5433,               0.070092,              0.0033231,              0.0033231
                      1,                 2.4015,                 2.7012,                 1.5846,                 0.4148,                0.08467,                0.05421,                0.02122,                 2.3861,                 3.3189,                 1.6181,                0.04007,              0.0066345,              0.0066345
                      2,                 2.5217,                 2.7575,                 1.6447,                0.55034,                0.04454,                0.02009,                 0.0078,                 2.5457,                 4.0738,                 1.8327,               0.010026,              0.0099239,              0.0099239
                      3,                 2.6799,                 2.9191,                 1.7691,                0.07827,                0.05193,                0.02386,                0.00761,                 2.6124,                 7.6897,                 1.9071,               0.009901,               0.009901,               0.009901
